{
    "name": "DRIPPING_OBSIDIAN_TEAR_RING",
    "enabled": true,
    "spawning": {
        "biomes": [
            "DEEP_COLD_OCEAN",
            "COLD_OCEAN"
        ],
        "spawnDistance": 10.0,
        "randMultiplier": 0.5,
        "relativePlayerPosition": false,
        "minY": 80.0,
        "maxY": 100.0,
        "shuffleLocations": true
    },
    "particle": {
        "particleName": "DRIPPING_OBSIDIAN_TEAR",
        "particleType": "RING",
        "maxCount": 6,
        "enableLighting": true
    },
    "properties": {
        "radius": 1,
        "rate": 0.2,
        "update": 5,
        "duration": 60,
        "rotationAngle": 15,
        "rotationAxis": "x"
    }
}