{
    "name": "PORTAL_LINE",
    "enabled": true,
    "spawning": {
        "biomes": [
            "FOREST"
        ],
        "spawnDistance": 15.0,
        "randMultiplier": 0.5,
        "relativePlayerPosition": false,
        "minY": 70.0,
        "maxY": 90.0,
        "shuffleLocations": true
    },
    "particle": {
        "particleName": "PORTAL",
        "particleType": "LINE",
        "maxCount": 5,
        "enableLighting": false
    },
    "properties": {
        "rate": 0.5,
        "update": 2,
        "duration": 20
    }
}