{
    "name": "PORTAL_SPHERE",
    "enabled": true,
    "spawning": {
        "biomes": [
            "DARK_FOREST",
            "BEACH",
            "STONY_SHORE"
        ],
        "spawnDistance": 20.0,
        "randMultiplier": 0.5,
        "relativePlayerPosition": false,
        "minY": 90.0,
        "maxY": 110.0,
        "shuffleLocations": true
    },
    "particle": {
        "particleName": "PORTAL",
        "particleType": "SPHERE",
        "maxCount": 6,
        "enableLighting": true
    },
    "properties": {
        "radius": 1,
        "rate": 0.2,
        "update": 10,
        "duration": 100
    }
}