{
    "name": "SNOWBALL_SPHERE",
    "enabled": true,
    "spawning": {
        "biomes": [
            "TAIGA"
        ],
        "spawnDistance": 20.0,
        "randMultiplier": 0.5,
        "relativePlayerPosition": false,
        "minY": 120.0,
        "maxY": 130.0,
        "shuffleLocations": true
    },
    "particle": {
        "particleName": "SNOWBALL",
        "particleType": "SPHERE",
        "maxCount": 4,
        "enableLighting": true
    },
    "properties": {
        "radius": 1,
        "rate": 0.3,
        "update": 10,
        "duration": 75
    }
}