{
    "name": "SNOW_SHOVEL_LINE",
    "enabled": true,
    "spawning": {
        "biomes": [
            "SNOWY_BEACH"
        ],
        "spawnDistance": 25.0,
        "randMultiplier": 0.5,
        "relativePlayerPosition": false,
        "minY": 80.0,
        "maxY": 100.0,
        "shuffleLocations": true
    },
    "particle": {
        "particleName": "SNOW_SHOVEL",
        "particleType": "LINE",
        "maxCount": 4,
        "enableLighting": false
    },
    "properties": {
        "rate": 1,
        "update": 2,
        "duration": 1
    }
}