{
    "name": "VILLAGER_HAPPY_POINT",
    "enabled": true,
    "spawning": {
        "biomes": [
            "BAMBOO_JUNGLE"
        ],
        "spawnDistance": 5.0,
        "randMultiplier": 0.5,
        "relativePlayerPosition": false,
        "minY": 70.0,
        "maxY": 90.0,
        "shuffleLocations": true
    },
    "particle": {
        "particleName": "VILLAGER_HAPPY",
        "particleType": "POINT",
        "maxCount": 45,
        "enableLighting": true
    },
    "properties": {
        "update": 10,
        "duration": 80
    }
}