{"stats":{"minecraft:dropped":{"minecraft:iron_ingot":67,"minecraft:bread":84,"minecraft:porkchop":1,"minecraft:wheat_seeds":20,"epicsamurai:raw_silver":7,"minecraft:iron_helmet":2,"minecraft:leather":8,"minecraft:granite":19,"minecraft:leather_helmet":1,"minecraft:coal":56,"minecraft:stick":21,"ars_nouveau:worn_notebook":1,"ars_nouveau:red_archwood_log":9,"epicsamurai:steel_ingot":7,"minecraft:dark_oak_fence":6,"epicsamurai:jade":20,"minecraft:iron_leggings":2,"minecraft:wooden_sword":1,"minecraft:gold_nugget":10,"minecraft:iron_axe":1,"minecraft:iron_pickaxe":2,"epicsamurai:aquamarine":3,"minecraft:acacia_planks":32,"minecraft:gold_ingot":23,"minecraft:goat_horn":1,"epicsamurai:green_samurai_boots":1,"minecraft:stone_sword":3,"epicsamurai:green_samurai_chestplate":1,"minecraft:raw_copper":3,"minecraft:wheat":1,"epicsamurai:katana":4,"minecraft:rotten_flesh":1,"minecraft:oak_planks":6,"minecraft:iron_boots":1,"minecraft:hay_block":22,"minecraft:shield":1,"minecraft:iron_chestplate":1,"minecraft:melon_seeds":2,"epicsamurai:ruby":1,"minecraft:acacia_sapling":6,"minecraft:spruce_slab":2,"minecraft:iron_bars":1,"minecraft:arrow":18,"minecraft:raw_gold":23,"minecraft:written_book":1},"minecraft:broken":{"minecraft:stone_sword":1,"minecraft:stone_pickaxe":2,"minecraft:wooden_sword":1},"minecraft:custom":{"minecraft:mob_kills":31,"minecraft:interact_with_crafting_table":39,"minecraft:bell_ring":12,"minecraft:leave_game":8,"minecraft:time_since_death":18776,"minecraft:climb_one_cm":1144,"minecraft:sprint_one_cm":397838,"minecraft:walk_one_cm":269314,"minecraft:drop":88,"minecraft:talked_to_villager":3,"minecraft:play_time":188821,"minecraft:deaths":2,"minecraft:sneak_time":14184,"minecraft:walk_under_water_one_cm":3852,"minecraft:jump":2099,"minecraft:interact_with_blast_furnace":18,"minecraft:walk_on_water_one_cm":14097,"minecraft:total_world_time":188821,"minecraft:interact_with_furnace":70,"minecraft:sleep_in_bed":3,"minecraft:time_since_rest":18805,"minecraft:damage_taken":2407,"minecraft:damage_dealt":5849,"minecraft:swim_one_cm":32832,"minecraft:fly_one_cm":386707,"minecraft:open_chest":65,"minecraft:crouch_one_cm":25966,"minecraft:fall_one_cm":54011},"minecraft:crafted":{"minecraft:wooden_sword":1,"minecraft:oak_planks":24,"epicsamurai:katana":1,"epicsamurai:green_samurai_chestplate":1,"minecraft:furnace":1,"minecraft:iron_boots":1,"minecraft:stone_pickaxe":3,"minecraft:chest":1,"minecraft:wheat":441,"minecraft:cooked_beef":8,"epicsamurai:katana_handle":1,"epicsamurai:green_samurai_helmet":1,"minecraft:crafting_table":2,"minecraft:iron_helmet":1,"epicsamurai:green_samurai_boots":1,"minecraft:bucket":1,"minecraft:stone_axe":1,"minecraft:bread":147,"minecraft:air":0,"minecraft:iron_chestplate":1,"minecraft:gold_nugget":9,"minecraft:stick":24,"minecraft:iron_ingot":128,"minecraft:iron_pickaxe":4,"minecraft:stone_sword":3,"minecraft:iron_leggings":1,"minecraft:gold_ingot":10,"minecraft:acacia_planks":48,"epicsamurai:steel_ingot":27},"minecraft:killed":{"irons_spellbooks:summoned_zombie":3,"minecraft:spider":2,"minecraft:skeleton":4,"irons_spellbooks:summoned_skeleton":1,"minecraft:pig":2,"minecraft:pillager":1,"minecraft:zombie":11,"minecraft:villager":1,"minecraft:cow":6},"minecraft:mined":{"minecraft:diamond_ore":2,"minecraft:attached_melon_stem":1,"minecraft:deepslate_diamond_ore":2,"minecraft:granite":20,"minecraft:dark_oak_fence":6,"minecraft:acacia_log":10,"epicsamurai:silver_ore":2,"minecraft:grass_block":2,"minecraft:hay_block":95,"epicsamurai:deepslate_jade_ore":1,"minecraft:furnace":4,"minecraft:iron_ore":67,"minecraft:andesite":28,"ars_nouveau:red_archwood_log":9,"minecraft:deepslate_iron_ore":6,"minecraft:iron_bars":2,"minecraft:stripped_acacia_log":1,"irons_spellbooks:inscription_table":3,"minecraft:stone":193,"minecraft:orange_bed":6,"epicsamurai:jade_ore":1,"minecraft:glass_pane":4,"minecraft:red_bed":1,"minecraft:crafting_table":4,"minecraft:melon":18,"minecraft:chest":2,"minecraft:tall_grass":14,"minecraft:copper_ore":1,"minecraft:cobblestone":28,"minecraft:lapis_ore":1,"minecraft:deepslate_gold_ore":20,"minecraft:diorite":1,"ars_nouveau:red_archwood_leaves":35,"minecraft:wheat":1,"minecraft:grass":130,"minecraft:oak_log":6,"minecraft:coal_ore":60,"minecraft:dirt":19,"minecraft:acacia_planks":6,"minecraft:gold_ore":17,"minecraft:oak_leaves":1,"minecraft:deepslate":46},"minecraft:used":{"irons_spellbooks:inscription_table":2,"minecraft:iron_bars":1,"minecraft:stone_sword":172,"minecraft:armor_stand":1,"minecraft:chest":3,"minecraft:orange_bed":4,"minecraft:dirt":47,"minecraft:granite":1,"minecraft:iron_axe":21,"minecraft:furnace":5,"minecraft:cooked_beef":8,"minecraft:cobbled_deepslate":43,"minecraft:acacia_planks":5,"minecraft:water_bucket":2,"minecraft:diorite":1,"minecraft:stone_pickaxe":322,"minecraft:crafting_table":5,"minecraft:bread":50,"minecraft:iron_pickaxe":206,"minecraft:stone_axe":16,"epicsamurai:katana":41,"minecraft:wooden_sword":61,"minecraft:cobblestone":187,"minecraft:bucket":3},"minecraft:picked_up":{"ars_nouveau:red_archwood_log":9,"minecraft:crafting_table":4,"minecraft:iron_chestplate":1,"minecraft:wheat":1,"minecraft:string":1,"minecraft:red_bed":1,"minecraft:raw_copper":3,"minecraft:wooden_sword":1,"minecraft:armor_stand":3,"epicsamurai:jade":28,"minecraft:cobbled_deepslate":43,"minecraft:gold_nugget":1,"minecraft:smooth_stone":2,"minecraft:beef":13,"minecraft:iron_pickaxe":1,"minecraft:melon_slice":97,"minecraft:chest":2,"irons_spellbooks:inscription_table":3,"minecraft:furnace":4,"minecraft:raw_iron":71,"minecraft:acacia_log":11,"minecraft:porkchop":4,"minecraft:diorite":1,"minecraft:carrot":1,"minecraft:orange_bed":6,"minecraft:stone_sword":1,"minecraft:arrow":6,"minecraft:rotten_flesh":12,"minecraft:hay_block":95,"epicsamurai:red_samurai_leggings":1,"minecraft:iron_bars":2,"minecraft:cobblestone":229,"minecraft:andesite":29,"minecraft:leather":7,"minecraft:oak_log":6,"minecraft:dirt":60,"minecraft:bone":8,"minecraft:acacia_planks":11,"minecraft:bow":1,"minecraft:wheat_seeds":31,"minecraft:raw_gold":37,"minecraft:iron_ingot":2,"minecraft:acacia_sapling":6,"epicsamurai:raw_silver":2,"minecraft:oak_planks":6,"epicsamurai:katana":3,"ars_nouveau:red_archwood_sapling":2,"minecraft:spider_eye":1,"minecraft:leather_helmet":2,"minecraft:stripped_acacia_log":1,"minecraft:diamond":4,"minecraft:iron_helmet":1,"minecraft:granite":21,"minecraft:bread":38,"epicsamurai:ruby":2,"minecraft:melon_seeds":2,"minecraft:dark_oak_fence":6,"minecraft:coal":60},"minecraft:killed_by":{"minecraft:player":1,"minecraft:zombie":1}},"DataVersion":3465}