{"stats":{"minecraft:dropped":{"minecraft:iron_ingot":1,"minecraft:bread":27,"minecraft:candle":2,"minecraft:moss_block":3,"minecraft:wheat_seeds":3,"minecraft:dark_oak_slab":1,"minecraft:iron_helmet":1,"minecraft:cobblestone":18,"minecraft:coal":5,"minecraft:stick":2,"minecraft:flint":2,"irons_spellbooks:scroll":1,"minecraft:dirt":9,"ars_nouveau:worn_notebook":2,"minecraft:dark_oak_fence":4,"minecraft:torch":7,"epicsamurai:red_samurai_leggings":1,"epicsamurai:jade":27,"minecraft:iron_axe":1,"minecraft:orange_bed":1,"minecraft:iron_pickaxe":1,"minecraft:smooth_stone":2,"minecraft:paper":12,"minecraft:string":1,"minecraft:acacia_planks":4,"minecraft:bone":19,"minecraft:stone_axe":1,"minecraft:cobbled_deepslate":138,"epicsamurai:katana":1,"minecraft:rotten_flesh":1,"minecraft:oak_planks":8,"minecraft:hay_block":15,"minecraft:iron_chestplate":1,"minecraft:andesite":28,"epicsamurai:ruby":2,"minecraft:stone_bricks":2,"minecraft:spider_eye":2,"minecraft:bow":1,"minecraft:stone_pickaxe":1,"minecraft:wooden_pickaxe":1},"minecraft:broken":{"minecraft:stone_sword":1,"minecraft:stone_pickaxe":2,"minecraft:iron_pickaxe":1},"minecraft:custom":{"minecraft:mob_kills":19,"minecraft:interact_with_crafting_table":47,"minecraft:open_barrel":6,"minecraft:leave_game":3,"minecraft:time_since_death":26107,"minecraft:climb_one_cm":1593,"minecraft:sprint_one_cm":388577,"minecraft:walk_one_cm":259443,"minecraft:damage_blocked_by_shield":1670,"minecraft:drop":63,"minecraft:play_time":230196,"minecraft:deaths":10,"minecraft:sneak_time":16037,"minecraft:walk_under_water_one_cm":8458,"minecraft:interact_with_lectern":1,"minecraft:jump":4719,"minecraft:interact_with_blast_furnace":11,"minecraft:walk_on_water_one_cm":15651,"minecraft:total_world_time":230196,"minecraft:interact_with_furnace":40,"minecraft:sleep_in_bed":1,"minecraft:time_since_rest":26131,"minecraft:damage_taken":4611,"minecraft:damage_dealt":4679,"minecraft:swim_one_cm":13360,"minecraft:fly_one_cm":847899,"minecraft:open_chest":11,"minecraft:crouch_one_cm":36172,"minecraft:fall_one_cm":162333},"minecraft:crafted":{"minecraft:smooth_stone":5,"minecraft:furnace":2,"minecraft:blast_furnace":1,"minecraft:stone":5,"epicsamurai:red_samurai_chestplate":1,"epicsamurai:red_samurai_leggings":2,"minecraft:stone_pickaxe":3,"minecraft:stone_hoe":1,"minecraft:wheat":253,"minecraft:crafting_table":3,"minecraft:wooden_pickaxe":1,"minecraft:iron_helmet":1,"minecraft:bread":96,"minecraft:air":0,"minecraft:iron_chestplate":1,"minecraft:shield":1,"minecraft:stick":28,"minecraft:iron_ingot":21,"minecraft:iron_pickaxe":2,"minecraft:gold_ingot":8,"minecraft:acacia_planks":44,"epicsamurai:steel_ingot":7,"minecraft:torch":48},"minecraft:killed":{"minecraft:cave_spider":3,"minecraft:vindicator":1,"minecraft:spider":2,"minecraft:skeleton":6,"minecraft:zombie":6},"minecraft:mined":{"minecraft:large_amethyst_bud":1,"minecraft:tuff":21,"epicsamurai:deepslate_onyx_ore":2,"minecraft:deepslate_diamond_ore":13,"minecraft:candle":1,"minecraft:dark_oak_fence":3,"minecraft:granite":27,"minecraft:acacia_log":11,"epicsamurai:deepslate_ruby_ore":22,"minecraft:grass_block":2,"epicsamurai:silver_ore":2,"minecraft:moss_block":9,"minecraft:spawner":4,"minecraft:hay_block":25,"epicsamurai:onyx_ore":7,"minecraft:tall_seagrass":1,"epicsamurai:deepslate_jade_ore":17,"minecraft:furnace":3,"minecraft:cobbled_deepslate":2,"minecraft:iron_ore":29,"minecraft:andesite":17,"minecraft:deepslate_lapis_ore":3,"minecraft:deepslate_iron_ore":30,"epicsamurai:deepslate_silver_ore":7,"minecraft:azalea":1,"minecraft:stone":182,"minecraft:deepslate_redstone_ore":1,"minecraft:acacia_leaves":1,"epicsamurai:jade_ore":15,"minecraft:medium_amethyst_bud":1,"minecraft:amethyst_cluster":1,"epicsamurai:deepslate_aquamarine_ore":1,"minecraft:clay":8,"minecraft:crafting_table":4,"minecraft:tall_grass":6,"minecraft:cobblestone":15,"minecraft:deepslate_gold_ore":33,"minecraft:oak_planks":4,"minecraft:diorite":1,"minecraft:wall_torch":3,"minecraft:seagrass":1,"minecraft:dark_oak_slab":1,"epicsamurai:aquamarine_ore":4,"minecraft:grass":20,"minecraft:coal_ore":34,"minecraft:dirt":12,"minecraft:gravel":8,"minecraft:cobweb":18,"minecraft:acacia_planks":1,"minecraft:gold_ore":1,"minecraft:deepslate":302,"epicsamurai:ruby_ore":3},"minecraft:used":{"minecraft:moss_block":3,"minecraft:moss_carpet":1,"minecraft:stone_sword":114,"minecraft:shield":28,"minecraft:stone_hoe":29,"minecraft:torch":61,"minecraft:dirt":10,"minecraft:granite":27,"minecraft:iron_axe":22,"ars_nouveau:sourceberry_bush":1,"minecraft:furnace":4,"minecraft:cobbled_deepslate":93,"minecraft:stone_pickaxe":366,"minecraft:wooden_pickaxe":10,"minecraft:crafting_table":7,"minecraft:blast_furnace":1,"minecraft:bread":39,"minecraft:iron_pickaxe":483,"minecraft:cobblestone":148,"minecraft:experience_bottle":4},"minecraft:picked_up":{"irons_spellbooks:scroll":1,"minecraft:crafting_table":4,"minecraft:wheat":8,"minecraft:moss_carpet":1,"minecraft:iron_axe":1,"minecraft:string":1,"epicsamurai:jade":47,"minecraft:candle":2,"minecraft:cobbled_deepslate":315,"minecraft:iron_pickaxe":1,"minecraft:furnace":3,"minecraft:stick":2,"minecraft:raw_iron":64,"minecraft:acacia_log":11,"minecraft:torch":5,"minecraft:stone_sword":1,"minecraft:arrow":5,"minecraft:rotten_flesh":1,"minecraft:hay_block":40,"minecraft:cobblestone":203,"minecraft:andesite":28,"minecraft:flint":2,"minecraft:lapis_lazuli":14,"minecraft:dirt":19,"minecraft:paper":12,"minecraft:bone":28,"minecraft:acacia_planks":1,"minecraft:bow":1,"minecraft:wheat_seeds":3,"minecraft:raw_gold":35,"minecraft:iron_ingot":31,"minecraft:moss_block":6,"epicsamurai:aquamarine":5,"minecraft:oak_planks":4,"epicsamurai:raw_silver":9,"epicsamurai:onyx":9,"epicsamurai:katana":1,"minecraft:dark_oak_slab":1,"minecraft:amethyst_shard":4,"minecraft:spider_eye":2,"minecraft:diamond":14,"minecraft:granite":27,"minecraft:bread":17,"minecraft:emerald":1,"epicsamurai:ruby":26,"minecraft:dark_oak_fence":4,"minecraft:coal":80},"minecraft:killed_by":{"irons_spellbooks:summoned_skeleton":1,"minecraft:creeper":2,"minecraft:vindicator":1,"minecraft:cave_spider":1,"minecraft:skeleton":2,"irons_spellbooks:archevoker":1}},"DataVersion":3465}