{"stats":{"minecraft:dropped":{"minecraft:iron_ingot":1,"minecraft:bread":28,"minecraft:candle":2,"minecraft:moss_block":3,"minecraft:wheat_seeds":9,"minecraft:lapis_lazuli":4,"epicsamurai:green_samurai_helmet":1,"minecraft:dark_oak_slab":1,"minecraft:iron_helmet":1,"minecraft:cobblestone":19,"minecraft:coal":5,"minecraft:flint":2,"minecraft:stick":4,"irons_spellbooks:scroll":1,"minecraft:dirt":9,"ars_nouveau:worn_notebook":2,"minecraft:gray_wool":1,"minecraft:dark_oak_fence":4,"minecraft:torch":7,"epicsamurai:red_samurai_leggings":1,"epicsamurai:jade":27,"minecraft:iron_axe":3,"minecraft:iron_pickaxe":1,"minecraft:smooth_stone":2,"minecraft:orange_bed":1,"minecraft:paper":12,"minecraft:iron_shovel":4,"minecraft:string":1,"minecraft:white_wool":1,"minecraft:acacia_planks":4,"minecraft:dandelion":1,"minecraft:bone":19,"minecraft:stone_axe":1,"epicsamurai:green_samurai_boots":1,"epicsamurai:green_samurai_chestplate":1,"minecraft:cobbled_deepslate":138,"epicsamurai:katana":2,"minecraft:rotten_flesh":7,"minecraft:oak_planks":27,"minecraft:diamond_shovel":1,"epicsamurai:green_samurai_leggings":1,"minecraft:poppy":1,"minecraft:hay_block":15,"minecraft:iron_chestplate":1,"minecraft:andesite":28,"epicsamurai:ruby":7,"ars_nouveau:drygmy_shard":1,"minecraft:oak_boat":1,"minecraft:spider_eye":2,"minecraft:stone_bricks":2,"minecraft:bow":1,"minecraft:stone_pickaxe":1,"minecraft:wooden_pickaxe":1},"minecraft:broken":{"minecraft:iron_shovel":3,"minecraft:stone_sword":1,"minecraft:stone_pickaxe":2,"minecraft:iron_pickaxe":2},"minecraft:custom":{"minecraft:mob_kills":71,"minecraft:interact_with_crafting_table":87,"minecraft:open_barrel":6,"minecraft:leave_game":8,"minecraft:time_since_death":28132,"minecraft:climb_one_cm":1713,"minecraft:sprint_one_cm":768064,"minecraft:walk_one_cm":602894,"minecraft:damage_blocked_by_shield":2200,"minecraft:drop":103,"minecraft:talked_to_villager":4,"minecraft:play_time":382042,"minecraft:sneak_time":28485,"minecraft:deaths":14,"minecraft:walk_under_water_one_cm":16655,"minecraft:boat_one_cm":104813,"minecraft:interact_with_lectern":1,"minecraft:jump":9441,"minecraft:interact_with_blast_furnace":26,"minecraft:walk_on_water_one_cm":29512,"minecraft:total_world_time":382042,"minecraft:interact_with_furnace":47,"minecraft:sleep_in_bed":3,"minecraft:time_since_rest":23713,"minecraft:damage_taken":7574,"minecraft:damage_dealt":15379,"minecraft:swim_one_cm":38395,"minecraft:fly_one_cm":1813127,"minecraft:open_chest":46,"minecraft:crouch_one_cm":83081,"minecraft:fall_one_cm":296094},"minecraft:crafted":{"epicsamurai:katana":2,"minecraft:smooth_stone":5,"minecraft:oak_planks":80,"epicsamurai:green_samurai_chestplate":1,"minecraft:furnace":2,"minecraft:blast_furnace":1,"minecraft:stone":5,"minecraft:bone_meal":15,"minecraft:diamond_shovel":1,"epicsamurai:red_samurai_chestplate":1,"epicsamurai:red_samurai_boots":1,"epicsamurai:red_samurai_leggings":2,"minecraft:stone_pickaxe":3,"minecraft:chest":3,"minecraft:stone_hoe":1,"minecraft:wheat":253,"epicsamurai:katana_handle":2,"epicsamurai:green_samurai_helmet":1,"minecraft:crafting_table":7,"minecraft:wooden_pickaxe":1,"minecraft:iron_helmet":1,"epicsamurai:green_samurai_boots":1,"minecraft:bread":96,"minecraft:air":0,"minecraft:oak_boat":2,"minecraft:iron_chestplate":1,"minecraft:shield":1,"minecraft:gold_nugget":9,"minecraft:stick":64,"minecraft:iron_ingot":49,"minecraft:iron_pickaxe":3,"minecraft:iron_shovel":3,"minecraft:gold_ingot":17,"minecraft:acacia_planks":44,"epicsamurai:steel_ingot":20,"minecraft:torch":48,"epicsamurai:green_samurai_leggings":1,"epicsamurai:red_samurai_helmet":1},"minecraft:killed":{"minecraft:cave_spider":3,"minecraft:vindicator":1,"minecraft:spider":6,"minecraft:skeleton":13,"minecraft:drowned":1,"minecraft:husk":2,"ars_nouveau:drygmy":1,"minecraft:creeper":5,"minecraft:sheep":6,"minecraft:zombie":23,"ars_nouveau:whirlisprig":1,"minecraft:cow":6},"minecraft:mined":{"minecraft:large_amethyst_bud":1,"ars_elemental:yellow_archwood_leaves":24,"minecraft:tuff":21,"minecraft:white_bed":2,"epicsamurai:deepslate_onyx_ore":2,"minecraft:dark_oak_leaves":46,"minecraft:deepslate_diamond_ore":13,"minecraft:candle":1,"minecraft:dark_oak_log":37,"minecraft:dark_oak_fence":3,"minecraft:granite":30,"epicsamurai:deepslate_ruby_ore":22,"minecraft:acacia_log":11,"minecraft:grass_block":496,"epicsamurai:silver_ore":2,"minecraft:spruce_leaves":80,"ars_nouveau:sourceberry_bush":1,"minecraft:moss_block":13,"minecraft:sandstone":4,"minecraft:rooted_dirt":20,"minecraft:spawner":4,"minecraft:hay_block":25,"epicsamurai:onyx_ore":7,"minecraft:tall_seagrass":1,"epicsamurai:deepslate_jade_ore":17,"minecraft:furnace":3,"minecraft:iron_ore":34,"minecraft:cobbled_deepslate":2,"minecraft:andesite":19,"minecraft:deepslate_lapis_ore":3,"minecraft:gold_block":1,"minecraft:dirt_path":1,"minecraft:deepslate_iron_ore":30,"epicsamurai:deepslate_silver_ore":7,"minecraft:azalea":2,"minecraft:stone":219,"minecraft:bone_block":2,"minecraft:white_wool":2,"minecraft:deepslate_redstone_ore":1,"minecraft:acacia_leaves":1,"epicsamurai:jade_ore":15,"minecraft:lily_of_the_valley":4,"minecraft:medium_amethyst_bud":1,"minecraft:amethyst_cluster":1,"epicsamurai:deepslate_aquamarine_ore":1,"minecraft:clay":9,"minecraft:torch":2,"minecraft:crafting_table":4,"minecraft:poppy":1,"minecraft:chest":2,"minecraft:tall_grass":19,"minecraft:cobblestone":19,"minecraft:deepslate_gold_ore":33,"minecraft:sugar_cane":3,"minecraft:oak_planks":4,"ars_nouveau:red_archwood_leaves":3,"minecraft:diorite":2,"minecraft:wall_torch":5,"minecraft:pink_petals":26,"minecraft:seagrass":1,"minecraft:dark_oak_slab":1,"epicsamurai:aquamarine_ore":4,"minecraft:birch_leaves":1,"minecraft:grass":115,"minecraft:coal_ore":34,"minecraft:oak_log":17,"minecraft:gravel":8,"minecraft:dirt":153,"minecraft:sand":2,"minecraft:cobweb":18,"minecraft:acacia_planks":1,"minecraft:gold_ore":1,"minecraft:deepslate":306,"minecraft:oak_leaves":36,"minecraft:fern":1,"epicsamurai:ruby_ore":3},"minecraft:used":{"minecraft:stone_sword":114,"minecraft:moss_block":3,"minecraft:moss_carpet":1,"epicsamurai:red_samurai_helmet":1,"minecraft:iron_shovel":576,"minecraft:poppy":1,"minecraft:chest":3,"minecraft:shield":34,"minecraft:stone_hoe":29,"minecraft:torch":68,"minecraft:dirt":778,"minecraft:lily_of_the_valley":4,"minecraft:granite":30,"minecraft:iron_axe":116,"minecraft:rooted_dirt":17,"minecraft:beef":9,"ars_nouveau:sourceberry_bush":3,"minecraft:furnace":4,"minecraft:cobbled_deepslate":157,"minecraft:dark_oak_sapling":4,"minecraft:stone_pickaxe":366,"minecraft:wooden_pickaxe":10,"minecraft:sandstone":4,"minecraft:sand":2,"minecraft:white_wool":2,"minecraft:crafting_table":11,"minecraft:blast_furnace":1,"minecraft:white_bed":2,"minecraft:bread":88,"minecraft:melon_slice":11,"minecraft:iron_pickaxe":573,"epicsamurai:katana":151,"minecraft:cobblestone":177,"minecraft:andesite":2,"minecraft:oak_boat":2,"minecraft:bone_meal":4,"minecraft:experience_bottle":4},"minecraft:picked_up":{"irons_spellbooks:scroll":3,"minecraft:crafting_table":4,"minecraft:wheat":8,"minecraft:gold_block":1,"minecraft:potion":1,"minecraft:brewing_stand":1,"minecraft:string":4,"minecraft:moss_carpet":1,"minecraft:iron_axe":4,"epicsamurai:jade":52,"minecraft:iron_shovel":4,"irons_spellbooks:arcane_essence":13,"minecraft:candle":2,"minecraft:cobbled_deepslate":315,"minecraft:beef":11,"minecraft:oak_boat":2,"minecraft:written_book":1,"minecraft:sugar_cane":6,"minecraft:poppy":2,"minecraft:iron_pickaxe":2,"minecraft:melon_slice":32,"minecraft:chest":2,"minecraft:furnace":3,"minecraft:egg":6,"minecraft:dark_oak_sapling":5,"minecraft:stick":7,"minecraft:raw_iron":69,"minecraft:sandstone":4,"minecraft:torch":12,"minecraft:acacia_log":11,"ars_nouveau:wixie_shards":1,"minecraft:stone_sword":1,"minecraft:arrow":6,"minecraft:rotten_flesh":12,"minecraft:hay_block":40,"ars_nouveau:drygmy_shard":1,"minecraft:bone_block":2,"minecraft:white_wool":3,"minecraft:cobblestone":238,"minecraft:pink_petals":71,"minecraft:andesite":30,"minecraft:leather":5,"minecraft:flint":2,"ars_elemental:yellow_archwood_sapling":1,"minecraft:oak_log":20,"minecraft:gunpowder":2,"minecraft:map":4,"minecraft:lapis_lazuli":79,"minecraft:dirt":973,"minecraft:paper":12,"irons_spellbooks:rare_ink":1,"irons_spellbooks:common_ink":1,"minecraft:bone":34,"minecraft:acacia_planks":1,"minecraft:apple":1,"minecraft:bow":1,"minecraft:wheat_seeds":15,"ars_nouveau:source_gem":1,"minecraft:raw_gold":70,"minecraft:iron_ingot":51,"epicsamurai:aquamarine":10,"minecraft:moss_block":6,"epicsamurai:raw_silver":9,"minecraft:oak_planks":24,"epicsamurai:onyx":18,"epicsamurai:katana":1,"minecraft:dark_oak_slab":1,"ars_nouveau:red_archwood_sapling":1,"minecraft:dandelion":1,"minecraft:sand":2,"minecraft:amethyst_shard":8,"minecraft:spruce_sapling":6,"minecraft:white_bed":2,"minecraft:lily_of_the_valley":4,"minecraft:dark_oak_log":43,"minecraft:spider_eye":2,"ars_nouveau:wilden_spike":3,"minecraft:diamond":14,"minecraft:stone_axe":1,"minecraft:granite":30,"minecraft:gray_wool":1,"minecraft:bread":57,"minecraft:emerald":13,"minecraft:rooted_dirt":17,"epicsamurai:ruby":36,"irons_spellbooks:uncommon_ink":1,"minecraft:dark_oak_fence":4,"minecraft:coal":81},"minecraft:killed_by":{"minecraft:player":1,"irons_spellbooks:summoned_skeleton":1,"minecraft:creeper":2,"minecraft:spider":1,"minecraft:vindicator":1,"minecraft:cave_spider":1,"minecraft:skeleton":2,"minecraft:zombie":2,"irons_spellbooks:archevoker":1}},"DataVersion":3465}