{"stats":{"minecraft:dropped":{"minecraft:bread":27,"minecraft:granite":8,"minecraft:leather_helmet":1,"ars_nouveau:red_archwood_log":1,"minecraft:wooden_axe":1,"minecraft:wooden_sword":1,"minecraft:acacia_door":2,"minecraft:gravel":2,"minecraft:raw_copper":3,"epicsamurai:katana":1,"minecraft:rotten_flesh":13,"minecraft:iron_boots":1,"minecraft:iron_chestplate":1,"minecraft:andesite":1,"minecraft:acacia_sapling":1,"minecraft:wooden_pickaxe":1},"minecraft:broken":{"minecraft:iron_pickaxe":1},"minecraft:custom":{"minecraft:mob_kills":35,"minecraft:interact_with_crafting_table":43,"minecraft:open_barrel":9,"minecraft:leave_game":4,"minecraft:time_since_death":20897,"minecraft:climb_one_cm":1965,"minecraft:sprint_one_cm":358477,"minecraft:walk_one_cm":152172,"minecraft:damage_blocked_by_shield":970,"minecraft:drop":17,"minecraft:talked_to_villager":3,"minecraft:play_time":100190,"minecraft:deaths":3,"minecraft:sneak_time":7106,"minecraft:walk_under_water_one_cm":6399,"minecraft:interact_with_lectern":1,"minecraft:jump":2529,"minecraft:interact_with_blast_furnace":3,"minecraft:walk_on_water_one_cm":18477,"minecraft:total_world_time":100190,"minecraft:interact_with_furnace":25,"minecraft:time_since_rest":20922,"minecraft:damage_taken":2392,"minecraft:damage_dealt":6952,"minecraft:swim_one_cm":32397,"minecraft:fly_one_cm":507973,"minecraft:player_kills":1,"minecraft:open_chest":8,"minecraft:crouch_one_cm":32132,"minecraft:fall_one_cm":72872},"minecraft:crafted":{"minecraft:wooden_sword":1,"minecraft:oak_planks":20,"epicsamurai:katana":1,"epicsamurai:green_samurai_chestplate":1,"minecraft:furnace":2,"minecraft:iron_boots":1,"minecraft:iron_axe":1,"minecraft:stone_pickaxe":1,"minecraft:wheat":198,"epicsamurai:katana_handle":1,"minecraft:crafting_table":2,"minecraft:wooden_pickaxe":1,"minecraft:iron_helmet":1,"epicsamurai:green_samurai_boots":1,"minecraft:bucket":1,"minecraft:stone_axe":1,"minecraft:bread":77,"minecraft:air":0,"minecraft:iron_chestplate":1,"minecraft:shield":1,"minecraft:stick":36,"minecraft:iron_ingot":40,"minecraft:iron_pickaxe":2,"minecraft:wooden_axe":1,"minecraft:stone_sword":1,"minecraft:iron_leggings":1,"minecraft:acacia_door":3,"minecraft:gold_ingot":19,"minecraft:acacia_planks":84,"minecraft:torch":64},"minecraft:killed":{"minecraft:spider":3,"minecraft:skeleton":9,"epicsamurai:enenra":1,"minecraft:iron_golem":1,"minecraft:creeper":1,"minecraft:pillager":1,"minecraft:zombie":13,"irons_spellbooks:summoned_vex":1,"ars_nouveau:whirlisprig":1},"minecraft:mined":{"minecraft:brewing_stand":1,"minecraft:granite":10,"minecraft:acacia_log":21,"epicsamurai:silver_ore":7,"minecraft:grass_block":4,"minecraft:redstone_ore":2,"minecraft:iron_ore":73,"minecraft:cobbled_deepslate":2,"minecraft:andesite":5,"minecraft:deepslate_lapis_ore":11,"ars_nouveau:red_archwood_log":3,"minecraft:deepslate_iron_ore":23,"minecraft:stone":95,"minecraft:spruce_slab":2,"minecraft:acacia_leaves":1,"epicsamurai:jade_ore":7,"minecraft:crafting_table":3,"minecraft:torch":5,"minecraft:blast_furnace":3,"minecraft:tall_grass":1,"minecraft:copper_ore":2,"minecraft:cobblestone":16,"minecraft:lapis_ore":5,"minecraft:deepslate_gold_ore":10,"minecraft:oak_planks":2,"minecraft:wall_torch":2,"minecraft:wheat":35,"epicsamurai:aquamarine_ore":3,"minecraft:grass":34,"minecraft:oak_log":5,"minecraft:coal_ore":80,"minecraft:gravel":6,"minecraft:acacia_door":2,"minecraft:dirt":8,"minecraft:acacia_planks":1,"minecraft:stone_bricks":1,"minecraft:gold_ore":11,"minecraft:deepslate":4},"minecraft:used":{"minecraft:stone_sword":61,"minecraft:spruce_slab":1,"minecraft:shield":18,"minecraft:torch":73,"minecraft:dirt":20,"minecraft:granite":13,"minecraft:wooden_axe":11,"minecraft:lava_bucket":11,"minecraft:iron_axe":47,"minecraft:stone_bricks":1,"minecraft:furnace":2,"minecraft:acacia_planks":31,"minecraft:wheat_seeds":34,"minecraft:water_bucket":12,"minecraft:stone_pickaxe":80,"minecraft:oak_planks":22,"minecraft:wooden_pickaxe":10,"minecraft:crafting_table":4,"minecraft:acacia_door":4,"minecraft:bread":58,"minecraft:iron_pickaxe":289,"minecraft:gravel":2,"minecraft:stone_axe":3,"epicsamurai:katana":33,"minecraft:wooden_sword":2,"minecraft:cobblestone":91,"minecraft:andesite":2,"minecraft:bucket":24},"minecraft:picked_up":{"ars_nouveau:red_archwood_log":1,"minecraft:crafting_table":3,"minecraft:wheat":35,"epicsamurai:steel_ingot":7,"minecraft:brewing_stand":1,"minecraft:shield":1,"minecraft:raw_copper":12,"minecraft:iron_axe":1,"minecraft:acacia_door":3,"epicsamurai:jade":12,"minecraft:iron_leggings":1,"minecraft:gold_nugget":9,"minecraft:cobbled_deepslate":12,"minecraft:written_book":1,"minecraft:iron_pickaxe":1,"minecraft:spruce_slab":4,"minecraft:stick":23,"minecraft:raw_iron":101,"minecraft:torch":10,"minecraft:acacia_log":21,"minecraft:redstone":5,"minecraft:goat_horn":1,"minecraft:arrow":20,"minecraft:rotten_flesh":19,"minecraft:hay_block":22,"minecraft:gold_ingot":23,"minecraft:cobblestone":122,"epicsamurai:green_samurai_boots":1,"minecraft:andesite":7,"minecraft:leather":8,"minecraft:flint":2,"minecraft:oak_log":5,"minecraft:gunpowder":4,"minecraft:lapis_lazuli":109,"minecraft:dirt":22,"minecraft:bone":9,"minecraft:acacia_planks":27,"minecraft:apple":1,"minecraft:stone_bricks":1,"minecraft:wheat_seeds":86,"minecraft:raw_gold":46,"minecraft:iron_ingot":11,"epicsamurai:aquamarine":6,"minecraft:acacia_sapling":1,"epicsamurai:raw_silver":14,"minecraft:oak_planks":2,"epicsamurai:katana":2,"minecraft:gravel":4,"minecraft:blast_furnace":3,"minecraft:leather_helmet":1,"minecraft:iron_helmet":1,"minecraft:granite":21,"minecraft:bread":31,"minecraft:coal":143,"epicsamurai:green_samurai_chestplate":1},"minecraft:killed_by":{"minecraft:creeper":1,"irons_spellbooks:archevoker":2}},"DataVersion":3465}